"batch","mode","tiles","run","seconds","cpu_ms","allocation_bytes_per_second","heap_bytes","cycles_per_second","foreground_per_second"
"forward","baseline","1024","1","4.999","9718.8","40776649","5300216","15631","15630.7"
"forward","baseline","1024","2","5.003","9640.6","39899500","4199824","15267","15266.9"
"forward","baseline","1024","3","5","9718.8","41434451","10829624","15873","15873.1"
"forward","baseline","65536","1","5.001","10656.2","609131","34098400","136","136"
"forward","baseline","65536","2","5.003","10359.4","663460","37417632","148","147.9"
"forward","baseline","65536","3","5.001","10296.9","665401","40761336","150","150"
"forward","collecting","1024","1","5","9593.8","41015745","4813880","15714","15713.5"
"forward","collecting","1024","2","5.003","9921.9","41016878","9726760","15700","15700.4"
"forward","collecting","1024","3","5","9656.2","41642552","9307072","15946","15946.4"
"forward","collecting","65536","1","5","9359.4","627992","34958728","124","124.2"
"forward","collecting","65536","2","5.002","10515.6","692239","38429384","139","138.7"
"forward","collecting","65536","3","5","10406.2","679597","34487984","138","137.6"
"forward","disabled","1024","1","5","9625","39893834","10755752","15287","15286.7"
"forward","disabled","1024","2","5.003","5328.1","39478334","7673128","15113","15113.4"
"forward","disabled","1024","3","5","5328.1","41221381","5066440","15787","15787.4"
"forward","disabled","65536","1","5","9578.1","545815","33735184","120","120.4"
"forward","disabled","65536","2","5.003","10031.2","611055","36799352","134","134.3"
"forward","disabled","65536","3","5.001","9312.5","583445","39715568","128","128.2"
"forward","display","1024","1","5.001","10062.5","68323572","4714496","7627","7626.6"
"forward","display","1024","2","5.001","9718.8","68188470","11496928","7610","7610.3"
"forward","display","1024","3","4.999","9812.5","68341179","10557808","7628","7628"
"forward","display","65536","1","5","10343.8","1576564","33634520","134","133.8"
"forward","display","65536","2","5","10421.9","1654117","34067800","141","140.8"
"forward","display","65536","3","5.001","10531.2","1651773","34287496","141","141.4"
"reverse","baseline","1024","1","5.001","4718.8","30721744","6811824","11783","11782.7"
"reverse","baseline","1024","2","5.001","4875","31420044","5233224","12036","12035.8"
"reverse","baseline","1024","3","5.003","5250","32248414","7501128","12363","12362.8"
"reverse","baseline","65536","1","5.001","7734.4","491601","29628952","106","106.2"
"reverse","baseline","65536","2","5.004","6343.8","527329","32282056","114","113.9"
"reverse","baseline","65536","3","5","6828.1","558870","35082968","121","121.4"
"reverse","collecting","1024","1","5","5078.1","32305089","6879136","12379","12379.5"
"reverse","collecting","1024","2","5.052","5515.6","32943875","6860680","12345","12345.2"
"reverse","collecting","1024","3","5.001","5062.5","31770791","7073328","12150","12150.2"
"reverse","collecting","65536","1","5.003","6093.8","429744","29486440","79","79"
"reverse","collecting","65536","2","5.057","6593.8","900223","34041416","98","98.5"
"reverse","collecting","65536","3","5","6390.6","506409","29987896","96","96.2"
"reverse","disabled","1024","1","5","5312.5","34012715","6526640","13048","13047.5"
"reverse","disabled","1024","2","5.003","5062.5","32734830","11595640","12542","12541.6"
"reverse","disabled","1024","3","5","5109.4","32262892","5457304","12368","12368.3"
"reverse","disabled","65536","1","5.002","7406.2","453872","29435624","98","98"
"reverse","disabled","65536","2","5.003","8109.4","525847","32064320","113","113.3"
"reverse","disabled","65536","3","5.001","7953.1","519444","34668224","113","112.8"
"reverse","display","1024","1","5","5250","53541675","4445688","5971","5971.1"
"reverse","display","1024","2","5.044","5250","52498295","11067392","5756","5755.6"
"reverse","display","1024","3","5.001","5562.5","56183416","8001016","6264","6264.3"
"reverse","display","65536","1","5.001","7593.8","1107348","32878816","89","89.4"
"reverse","display","65536","2","5.058","6468.8","1583340","33656912","98","98.3"
"reverse","display","65536","3","5.105","6453.1","1245676","32285144","102","101.9"
